code,name,score,net_income_positive,roa_increasing,roa_current,roa_previous,debt_ratio_decreasing,debt_ratio_current,debt_ratio_previous,shares_not_increasing,shares_current,shares_previous,operating_margin_increasing,operating_margin_current,operating_margin_previous,asset_turnover_increasing,asset_turnover_current,asset_turnover_previous
327260,RF머트리얼즈,6,True,True,4.17,-6.7,True,33.45,38.5,True,8433.0,8433.0,True,8.09,-3.37,True,0.53,0.39
472850,폰드그룹,6,True,True,6.43,0.06,True,43.77,44.73,True,32344.0,32344.0,True,11.85,11.2,True,1.24,1.09
233990,질경이,6,True,True,9.76,-3.85,True,64.63,71.79,True,14765.0,14765.0,True,11.0,-1.35,True,1.22,0.95
234690,녹십자웰빙,6,True,True,8.79,4.53,True,35.05,35.89,True,17752.0,17752.0,True,12.26,9.72,True,1.03,0.85
297090,씨에스베어링,6,True,True,5.8,1.69,True,35.03,36.62,True,27270.0,27270.0,True,9.22,1.99,True,0.84,0.71
322000,HD현대에너지솔루션,6,True,True,6.33,0.02,True,18.16,18.53,True,11200.0,11200.0,True,7.49,0.83,True,1.01,0.93
207940,삼성바이오로직스,6,True,True,8.64,6.25,True,35.54,37.1,True,71174.0,71174.0,True,36.89,29.03,True,0.3,0.26
117580,대성에너지,6,True,True,2.17,1.86,True,58.75,60.21,True,27500.0,27500.0,True,2.06,2.04,True,1.25,1.24
101140,인바이오젠,6,True,True,9.9,7.76,True,1.78,1.78,True,10044.0,10044.0,True,-87.14,-100.0,True,0.04,0.04
286940,롯데이노베이트,6,True,True,1.77,0.76,True,51.65,52.68,True,15129.0,15396.0,True,2.85,2.18,True,1.3,1.24
103230,에스앤더블류,6,True,True,6.73,5.24,True,30.15,31.89,True,7200.0,7200.0,True,7.43,7.34,True,0.66,0.65
339770,교촌에프앤비,6,True,True,7.07,0.23,True,46.18,47.91,True,49965.0,49965.0,True,8.28,3.2,True,1.41,1.4
107590,미원홀딩스,6,True,True,5.91,3.64,True,39.79,42.27,True,2320.0,2320.0,True,4.83,3.52,True,0.96,0.95
104460,디와이피엔에프,6,True,True,5.67,1.96,True,60.04,61.55,True,10714.0,10714.0,True,8.75,5.76,True,0.88,0.49
178920,PI첨단소재,6,True,True,4.44,-0.35,True,35.94,39.2,True,29366.0,29366.0,True,13.89,-1.79,True,0.48,0.42
111770,영원무역,6,True,True,5.61,5.46,True,27.21,27.72,True,44311.0,44311.0,True,10.31,8.97,True,0.68,0.65
322310,오로스테크놀로지,6,True,True,7.37,6.25,True,22.11,27.75,True,9367.0,9367.0,True,10.45,9.93,True,0.71,0.65
123860,아나패스,6,True,True,16.07,2.41,True,38.18,51.92,True,12123.0,12123.0,True,10.98,6.29,True,1.55,0.64
102710,이엔에프테크놀로지,6,True,True,7.91,4.1,True,38.25,44.53,True,14288.0,14288.0,True,13.55,10.18,True,0.91,0.8
237820,플레이디,6,True,True,3.19,2.14,True,36.38,40.0,True,12827.0,12827.0,True,10.36,6.7,True,0.29,0.28
109070,주성코퍼레이션,6,True,True,12.57,-4.11,True,26.78,34.9,True,52810.0,52810.0,True,5.52,-5.44,True,1.88,0.7
101680,한국정밀기계,6,True,True,2.07,-8.83,True,42.34,53.91,True,8404.0,8404.0,True,3.3,-16.02,True,0.88,0.49
258610,케일럼,6,True,True,6.34,-61.67,True,48.16,71.36,True,26787.0,26787.0,True,3.29,-5.21,True,1.12,0.95
251270,넷마블,6,True,True,4.14,0.04,True,30.65,33.06,True,85954.0,85954.0,True,11.87,8.09,True,0.34,0.33
263810,상신전자,6,True,True,2.78,2.47,True,45.94,51.18,True,14245.0,14245.0,True,1.68,1.37,True,1.45,1.23
302550,리메드,6,True,True,12.52,0.54,True,31.81,44.1,True,30638.0,30638.0,True,4.3,-15.68,True,0.43,0.34
307950,현대오토에버,6,True,True,5.5,5.23,True,46.58,48.34,True,27424.0,27424.0,True,6.11,6.04,True,1.18,1.11
115570,스타플렉스,6,True,True,4.88,-15.82,True,31.02,31.97,True,7985.0,7985.0,True,-0.25,-4.81,True,0.83,0.76
332290,누보,6,True,True,3.81,-7.22,True,66.84,72.08,True,33385.0,33385.0,True,3.74,-2.8,True,1.26,0.99
252500,세화피앤씨,6,True,True,7.25,6.47,True,9.23,9.24,True,41486.0,41486.0,True,6.15,4.85,True,0.96,0.95
229640,LS에코에너지,6,True,True,9.49,7.22,True,55.45,59.69,True,30625.0,30625.0,True,6.96,5.16,True,1.82,1.78
114090,GKL,6,True,True,9.18,5.37,True,30.56,32.9,True,61856.0,61856.0,True,15.8,9.66,True,0.68,0.64
298040,효성중공업,6,True,True,6.25,3.58,True,64.54,66.95,True,9325.0,9325.0,True,10.52,7.41,True,0.83,0.79
192820,코스맥스,6,True,True,5.02,4.57,True,72.65,73.69,True,11350.0,11350.0,True,9.2,8.1,True,1.14,1.12
180060,탑선,6,True,True,2.14,-2.93,True,75.62,78.27,True,9348.0,9348.0,True,4.55,1.56,True,0.32,0.26
251970,펌텍코리아,6,True,True,10.75,9.4,True,21.05,21.32,True,12400.0,12400.0,True,16.04,14.34,True,0.87,0.83
101490,에스앤에스텍,6,True,True,12.9,10.2,True,16.86,16.9,True,21451.0,21451.0,True,19.98,16.76,True,0.72,0.59
171120,라이온켐텍,6,True,True,5.76,4.15,True,14.0,24.39,True,35902.0,35902.0,True,6.63,5.96,True,0.93,0.76
329180,HD현대중공업,6,True,True,6.18,3.21,True,68.05,70.58,True,88773.0,88773.0,True,11.99,4.87,True,0.78,0.75
217190,제너셈,6,True,True,7.06,4.63,True,42.25,45.5,True,8769.0,8769.0,True,9.46,6.37,True,0.8,0.73
136410,아셈스,6,True,True,9.46,6.05,True,37.45,39.19,True,11019.0,11019.0,True,21.53,16.08,True,0.66,0.57
153490,우리이앤엘,6,True,True,4.56,4.48,True,25.46,32.17,True,51480.0,51480.0,True,4.7,3.52,True,1.22,1.18
381970,케이카,6,True,True,8.38,5.13,True,56.99,57.61,True,48182.0,48182.0,True,2.96,2.88,True,4.39,3.7
204320,HL만도,6,True,True,2.42,2.24,True,61.99,62.1,True,46957.0,46957.0,True,4.11,4.06,True,1.32,1.25
204610,티쓰리,6,True,True,10.28,-0.73,True,15.25,17.18,True,63922.0,67290.0,True,17.71,14.9,True,0.48,0.41
446540,메가터치,6,True,True,7.68,-0.15,True,15.21,24.89,True,20771.0,20771.0,True,7.55,-0.6,True,0.81,0.75
131760,파인텍,6,True,True,3.38,-10.95,True,54.62,56.47,True,43432.0,43432.0,True,2.68,-9.38,True,0.89,0.64
214420,토니모리,6,True,True,7.87,1.48,True,44.54,50.0,True,24055.0,24055.0,True,6.84,6.35,True,0.84,0.75
230240,에치에프알,6,True,True,7.54,-6.82,True,36.7,41.42,True,13309.0,13489.0,True,8.75,-12.86,True,0.66,0.58
131180,딜리,6,True,True,6.7,1.05,True,11.87,13.1,True,29350.0,29350.0,True,6.02,-3.5,True,0.53,0.39
318160,셀바이오휴먼텍,6,True,True,8.32,-3.57,True,12.29,16.17,True,9261.0,9261.0,True,14.08,11.36,True,0.54,0.51
296520,가이아코퍼레이션,6,True,True,5.06,-17.33,True,56.33,60.0,True,4667.0,4667.0,True,4.15,-7.3,True,2.44,2.1
109080,옵티시스,6,True,True,7.81,3.96,True,7.48,9.64,True,5636.0,5636.0,True,11.34,3.64,True,0.4,0.38
119830,아이텍,6,True,True,8.71,-4.76,True,26.66,33.18,True,21434.0,21434.0,True,-7.9,-13.98,True,0.27,0.24
333620,엔시스,6,True,True,10.18,2.28,True,35.03,40.27,True,10556.0,10556.0,True,16.69,3.71,True,0.64,0.53
376290,씨유테크,6,True,True,9.69,0.62,True,16.38,30.35,True,17658.0,17658.0,True,4.05,1.27,True,2.02,1.2
139480,이마트,6,True,True,0.5,-1.69,True,60.84,61.14,True,27876.0,27876.0,True,1.57,0.16,True,0.86,0.86
136490,선진,6,True,True,11.44,0.52,True,63.92,64.78,True,23780.0,23780.0,True,9.42,7.38,True,1.41,1.34
113810,디젠스,6,True,True,7.54,4.94,True,62.81,70.84,True,32628.0,32628.0,True,6.15,4.31,True,1.5,1.42
259630,엠플러스,6,True,True,6.84,3.76,True,65.65,71.11,True,12282.0,12282.0,True,13.63,7.85,True,0.56,0.44
303030,지니틱스,6,True,True,2.54,-20.7,True,38.77,43.16,True,35746.0,35746.0,True,0.55,-18.13,True,1.96,1.16
168360,펨트론,6,True,True,2.93,-2.65,True,60.4,60.81,True,21288.0,21288.0,True,3.99,-6.32,True,0.94,0.79
353810,이지바이오,6,True,True,7.7,5.53,True,70.6,75.33,True,34192.0,34192.0,True,8.8,8.43,True,1.47,1.07
347000,센코,6,True,True,3.73,-1.72,True,36.57,39.66,True,33005.0,33005.0,True,7.52,6.47,True,0.54,0.49
114810,한솔아이원스,6,True,True,13.46,13.41,True,16.54,21.43,True,29113.0,29352.0,True,21.03,14.7,True,0.75,0.68
356890,싸이버원,6,True,True,22.2,5.39,True,12.97,13.26,True,11916.0,11916.0,True,23.59,5.26,True,0.85,0.56
195940,HK이노엔,6,True,True,3.26,2.55,True,33.77,34.86,True,28330.0,28330.0,True,9.83,7.95,True,0.47,0.45
357580,아모센스,6,True,True,1.37,-1.26,True,66.56,67.18,True,11220.0,11220.0,True,5.37,0.91,True,1.08,0.79
254120,자비스,6,True,True,3.05,-8.7,True,26.72,40.22,True,30754.0,30754.0,True,3.19,2.79,True,0.96,0.62
119850,지엔씨에너지,6,True,True,16.78,14.67,True,31.27,39.14,True,16449.0,16449.0,True,20.93,14.01,True,0.92,0.85
226320,잇츠한불,6,True,True,5.76,3.49,True,5.54,6.4,True,21929.0,21929.0,True,12.57,8.27,True,0.28,0.27
256630,포인트엔지니어링,6,True,True,1.43,-6.63,True,26.05,27.65,True,57997.0,57997.0,True,-4.19,-34.35,True,0.32,0.27
417790,트루엔,6,True,True,13.65,11.52,True,6.07,6.28,True,11000.0,11000.0,True,28.92,24.15,True,0.51,0.49
198080,캐프,6,True,True,8.6,1.64,True,47.82,53.74,True,21535.0,21535.0,True,6.35,2.5,True,1.42,1.17
298830,슈어소프트테크,5,True,True,6.22,3.67,True,34.67,39.34,True,52619.0,52619.0,False,8.9,18.17,True,0.55,0.4
187220,디티앤씨,5,True,True,1.18,-11.78,False,54.2,51.05,True,11698.0,11698.0,True,-5.09,-21.41,True,0.46,0.44
413640,비아이매트릭스,5,True,True,7.6,-4.34,False,36.96,33.98,True,7207.0,7207.0,True,6.47,-10.42,True,0.63,0.62
267850,아시아나IDT,5,True,True,5.37,4.94,True,23.28,26.0,True,11100.0,11100.0,False,4.74,4.83,True,0.88,0.85
417970,모델솔루션,5,True,True,5.86,2.94,True,26.11,27.73,True,6397.0,6397.0,True,6.18,3.4,False,0.75,0.76
234340,헥토파이낸셜,5,True,True,2.66,1.99,False,69.63,66.47,True,13971.0,13971.0,True,8.73,8.35,True,0.37,0.35
306620,네온테크,5,True,True,0.21,-2.07,True,58.32,66.46,False,43089.0,41714.0,True,3.44,2.53,True,0.73,0.53
175250,아이큐어,5,False,True,0.0,-19.45,True,54.33,64.12,True,37558.0,37558.0,True,-24.86,-39.96,True,0.52,0.34
153460,네이블,5,True,True,3.61,-4.09,False,9.44,8.48,True,6530.0,6530.0,True,2.33,-15.67,True,0.48,0.39
205100,엑셈,5,True,False,7.28,7.33,True,9.82,10.58,True,71963.0,71963.0,True,14.98,14.38,True,0.43,0.42
181710,NHN,5,True,True,1.56,-6.03,True,44.07,44.71,True,33766.0,34937.0,True,4.34,-1.33,False,0.76,0.77
473980,노머스,5,True,True,15.64,10.02,True,11.94,12.85,False,10792.0,9300.0,True,24.74,11.9,True,0.73,0.7
199150,데이터스트림즈,5,True,True,3.64,-37.4,True,89.7,116.79,True,4269.0,4269.0,True,2.26,-19.22,False,1.61,1.95
211270,AP위성,5,True,True,7.69,7.26,True,22.12,34.23,True,15082.0,15082.0,False,12.46,20.45,True,0.43,0.34
900110,이스트아시아홀딩스,5,True,True,1.51,1.07,True,5.5,6.2,False,21706.0,17277.0,True,10.93,9.12,True,0.22,0.21
123690,한국화장품,5,True,True,8.29,7.2,True,47.5,47.94,True,16068.0,16068.0,True,3.99,3.94,False,1.6,1.62
326030,SK바이오팜,5,True,False,12.12,21.89,True,39.61,44.64,True,78313.0,78313.0,True,24.95,17.59,True,0.58,0.53
365550,ESR켄달스퀘어리츠,5,True,True,0.39,0.14,False,57.44,57.04,True,215195.0,215195.0,True,48.89,46.75,True,0.02,0.02
137310,에스디바이오센서,5,False,True,-2.52,-12.35,True,24.59,25.27,True,124477.0,124477.0,True,-7.79,-37.84,True,0.18,0.17
244920,에이플러스에셋,5,True,False,2.11,3.14,True,49.13,49.16,True,22608.0,22608.0,True,6.13,3.59,True,1.08,0.94
128940,한미약품,5,True,True,8.01,6.95,True,35.51,38.6,True,12811.0,12811.0,True,15.59,14.46,False,0.71,0.74
161580,필옵틱스,5,True,True,3.37,-1.8,True,37.65,48.57,True,22850.0,23292.0,False,3.36,3.43,True,1.07,0.67
277810,레인보우로보틱스,5,True,True,2.94,1.5,False,18.82,5.08,True,19400.0,19400.0,True,13.79,-15.54,True,0.17,0.14
352940,인바이오,5,True,True,0.88,-9.5,False,38.94,38.61,True,10868.0,10868.0,True,3.92,-10.0,True,0.53,0.51
357250,미래에셋맵스리츠,5,True,True,0.56,0.5,False,67.36,66.68,True,24995.0,24995.0,True,67.14,57.97,True,0.02,0.02
368770,파이버프로,5,True,True,14.43,7.13,False,22.65,21.38,True,32854.0,32854.0,True,21.88,13.4,True,0.66,0.48
130500,GH신소재,5,True,True,3.23,1.5,True,48.75,50.92,True,14545.0,14545.0,True,9.2,5.43,False,0.44,0.46
201490,미투온,5,True,True,2.95,1.37,True,16.81,17.59,True,30390.0,31258.0,False,9.45,12.51,True,0.37,0.32
100840,SNT에너지,5,True,True,9.08,6.7,False,42.86,40.71,True,20681.0,20681.0,True,15.24,7.54,True,0.84,0.57
443250,레뷰코퍼레이션,5,True,True,9.1,7.8,True,39.89,43.85,False,11110.0,11105.0,True,16.75,15.34,True,0.66,0.58
300080,플리토,5,True,True,22.27,4.85,True,26.07,33.33,False,16505.0,15701.0,True,13.41,-1.97,True,1.24,1.23
353200,대덕전자,5,True,True,2.89,2.19,False,23.03,19.58,True,49417.0,49417.0,True,3.15,1.27,True,0.88,0.82
214450,파마리서치,5,True,True,17.23,10.39,True,30.21,33.46,False,10510.0,10320.0,True,40.6,36.02,True,0.53,0.41
222160,NPX,5,False,True,-13.45,-27.44,True,8.07,11.65,True,9894.0,9894.0,True,-38.55,-181.08,True,0.37,0.14
425420,티에프이,5,True,True,9.67,1.18,False,38.95,38.12,True,11381.0,11381.0,True,16.71,5.98,True,0.7,0.58
222420,쎄노텍,5,False,True,-2.86,-5.56,True,60.48,61.69,True,45460.0,45460.0,True,3.17,-3.54,True,0.36,0.32
451800,한화리츠,5,True,True,0.69,0.18,True,54.4,79.27,False,179600.0,72160.0,True,61.19,57.01,True,0.03,0.02
434190,탈로스,5,True,True,3.08,-1.55,False,30.4,22.68,True,7369.0,7369.0,True,5.65,-3.96,True,0.55,0.52
108380,대양전기공업,5,True,True,6.52,6.35,False,21.04,20.51,True,9567.0,9567.0,True,10.29,8.0,True,0.69,0.64
222110,팬젠,5,True,True,2.95,-21.74,True,18.36,39.61,False,12898.0,10678.0,True,6.8,-57.53,True,0.48,0.35
375500,DL이앤씨,5,True,True,2.49,2.36,True,48.09,50.11,True,38694.0,38694.0,True,5.95,3.26,False,0.78,0.86
192650,드림텍,5,True,True,2.46,1.4,True,43.24,43.28,False,68890.0,68723.0,True,3.63,2.01,True,1.48,1.29
446070,유니드비티플러스,5,True,True,2.72,0.41,False,17.28,12.73,True,10611.0,10611.0,True,1.59,-2.43,True,0.83,0.77
189860,서전기전,5,True,True,1.74,-6.78,False,50.47,44.32,True,9699.0,9699.0,True,0.95,-8.08,True,1.0,0.79
226400,오스테오닉,5,True,True,6.43,6.34,False,38.22,34.04,True,20662.0,20662.0,True,23.19,20.18,True,0.43,0.38
222980,한국맥널티,5,False,True,-0.49,-5.09,True,53.01,55.62,True,11031.0,11031.0,True,0.68,-5.36,True,1.09,0.93
377740,바이오노트,5,True,True,3.26,-1.29,False,3.62,2.28,True,102056.0,102056.0,True,11.87,-52.16,True,0.06,0.06
317850,대모,5,True,True,0.16,-0.32,True,24.39,26.62,True,8324.0,8324.0,True,0.24,-0.9,False,0.67,0.7
219130,타이거일렉,5,True,True,0.39,-3.65,False,31.26,25.7,True,6314.0,6314.0,True,-3.07,-6.38,True,0.8,0.68
448730,삼성FN리츠,5,True,True,0.4,0.3,False,52.76,52.54,True,91050.0,91050.0,True,69.49,67.83,True,0.01,0.01
240810,원익IPS,5,True,True,5.53,1.84,False,24.14,21.06,True,49084.0,49084.0,True,9.63,1.42,True,0.74,0.67
273060,와이즈버즈,5,True,True,1.15,0.82,False,73.78,53.09,True,50460.0,50460.0,True,7.47,1.44,True,0.17,0.14
196700,웹스,5,True,True,1.69,1.48,True,47.53,49.48,True,14364.0,14364.0,True,9.09,7.18,False,0.48,0.54
186230,그린플러스,5,True,True,0.3,-15.74,False,54.34,52.57,True,10820.0,10820.0,True,2.85,-13.92,True,0.86,0.61
233250,메디안디노스틱,5,True,True,5.29,-6.45,True,10.13,11.98,True,1747.0,1747.0,True,3.28,-10.92,False,0.54,0.55
217270,넵튠,5,True,True,1.18,-4.09,True,9.08,10.82,False,46676.0,46582.0,True,7.89,2.21,True,0.3,0.24
130740,티피씨글로벌,5,False,True,-0.27,-5.45,True,17.11,32.62,True,11277.0,11277.0,True,-1.12,-3.52,True,0.71,0.68
121060,유니포인트,5,True,True,1.03,-7.59,False,77.59,71.43,True,5982.0,5982.0,True,0.37,-3.39,True,1.87,1.84
215380,우정바이오,5,True,True,0.21,-5.19,True,68.95,77.72,False,16830.0,12958.0,True,4.17,-11.66,True,0.46,0.39
254490,미래반도체,5,True,True,4.5,3.42,True,35.56,46.28,True,14438.0,14438.0,False,2.09,2.47,True,3.66,2.55
185190,수프로,5,True,True,3.67,-5.83,False,53.21,52.43,True,9239.0,9239.0,True,1.44,-3.05,True,2.55,2.54
311060,엘에이티,5,True,True,0.31,-5.41,True,66.36,84.68,False,7658.0,6820.0,True,1.47,-23.66,True,1.26,0.28
218410,RFHIC,5,True,True,5.23,4.08,False,26.21,25.89,True,26484.0,26484.0,True,16.38,1.31,True,0.33,0.24
330590,롯데리츠,5,True,True,0.63,0.4,False,55.83,55.43,True,288969.0,288969.0,True,64.57,64.02,True,0.03,0.03
298380,에이비엘바이오,5,True,True,4.63,-23.92,True,24.13,27.89,False,48282.0,47893.0,True,9.95,-177.84,True,0.46,0.14
311320,지오엘리먼트,5,True,True,4.42,4.14,False,19.97,5.26,True,12615.0,12615.0,True,11.83,4.49,True,0.64,0.33
448780,마이크로엔엑스,5,True,True,2.08,0.4,True,53.33,59.52,True,2678.0,2678.0,False,5.95,7.14,True,0.35,0.33
158430,아톤,5,True,True,7.92,7.03,True,35.28,42.62,False,23274.0,22577.0,True,22.02,20.73,True,0.47,0.38
149950,아바텍,5,True,True,5.75,3.2,False,6.14,5.19,True,15608.0,15608.0,True,6.86,2.9,True,0.55,0.5
950210,프레스티지바이오파마,5,True,True,0.56,-7.74,False,31.82,27.57,True,60096.0,60096.0,True,-471.33,-8971.43,True,0.02,0.0
109670,씨싸이트,5,True,True,0.2,-4.26,True,43.59,45.54,False,5837.0,5713.0,True,0.75,0.53,True,1.75,1.54
200580,메디쎄이,5,True,True,6.19,5.96,True,15.1,20.84,True,3726.0,3726.0,True,12.55,8.27,False,0.63,0.66
214430,아이쓰리시스템,5,True,True,10.22,9.6,True,28.0,31.55,True,7107.0,7107.0,True,12.26,10.04,False,0.82,0.93
114450,그린생명과학,5,True,True,3.56,-37.44,False,20.44,18.04,True,20000.0,20000.0,True,1.61,-20.54,True,0.55,0.51
204620,글로벌텍스프리,5,True,True,3.61,-4.79,True,26.48,34.93,False,70283.0,64454.0,True,16.81,12.0,True,0.74,0.49
214390,경보제약,5,True,True,1.62,1.13,False,48.5,45.78,True,23907.0,23907.0,True,4.4,2.54,True,0.84,0.81
419540,비스토스,5,True,True,3.74,3.72,True,9.35,13.95,True,22993.0,22993.0,True,1.48,1.41,False,0.95,0.99
217500,러셀,5,True,True,5.41,2.01,True,23.45,24.8,True,31812.0,31812.0,True,5.33,4.25,False,0.48,0.6
241770,메카로,5,True,True,2.65,-1.22,False,7.27,5.15,True,10193.0,10193.0,True,6.52,-19.69,True,0.3,0.2
128540,에코캡,5,True,True,10.62,1.32,True,43.04,43.32,True,26690.0,26690.0,True,14.15,2.94,False,0.72,0.86
347740,피엔케이피부임상연구센타,5,True,True,6.95,6.07,False,6.34,4.13,True,30011.0,30011.0,True,14.61,9.46,True,0.22,0.19
141080,리가켐바이오,5,True,True,1.73,1.06,True,16.43,16.58,False,36610.0,28120.0,True,-13.31,-16.6,True,0.22,0.17
133750,메가엠디,5,True,True,4.35,-3.78,True,24.71,26.56,True,23407.0,23407.0,True,6.03,-10.83,False,0.42,0.43
142280,녹십자엠에스,5,True,True,3.86,2.1,True,50.57,59.23,False,21742.0,21117.0,True,2.21,1.91,True,1.18,1.04
303360,프로티아,5,True,True,8.6,1.99,True,6.09,6.37,False,12877.0,12875.0,True,14.29,2.44,True,0.38,0.33
104040,대성파인텍,5,True,True,0.9,-2.81,True,27.35,33.69,False,47225.0,31301.0,True,1.91,-6.8,True,0.41,0.39
403550,쏘카,5,True,True,0.04,-4.91,True,67.38,70.94,False,32837.0,32788.0,True,2.97,-2.27,True,0.88,0.68
285130,SK케미칼,5,True,True,0.7,-0.08,False,45.75,43.49,True,17254.0,17254.0,True,1.68,-2.6,True,0.41,0.32
900140,엘브이엠씨홀딩스,5,True,True,0.57,-6.35,False,36.25,35.84,True,171588.0,171588.0,True,4.23,2.84,True,0.4,0.4
396470,워트,5,True,True,5.21,3.54,False,2.91,2.41,True,16120.0,16120.0,True,13.16,11.72,True,0.23,0.21
280360,롯데웰푸드,5,True,True,1.99,1.89,True,48.42,48.72,True,9435.0,9435.0,False,3.56,3.88,True,0.95,0.93
122640,예스티,5,True,True,5.48,-13.69,True,38.45,63.07,False,20930.0,19044.0,True,11.29,-0.5,True,0.49,0.38
311390,네오크레마,5,True,True,3.58,0.5,True,19.6,19.8,False,12654.0,8057.0,True,11.46,-1.74,True,0.48,0.23
331920,셀레믹스,5,True,True,41.84,-21.55,True,7.48,12.15,True,8164.0,8164.0,True,-28.36,-87.88,False,0.23,0.36
397030,에이프릴바이오,5,True,True,20.08,-17.69,True,8.63,27.6,False,22436.0,21574.0,True,61.45,-6700.0,True,0.28,0.0
215000,골프존,5,True,True,8.58,6.31,True,27.95,32.88,True,6275.0,6275.0,True,16.71,15.45,False,0.78,0.93
363280,티와이홀딩스,5,False,True,-6.56,-25.54,True,44.25,57.97,True,50429.0,50429.0,True,-101.89,-422.36,True,0.04,0.04
453340,현대그린푸드,5,True,True,8.48,7.8,True,28.99,29.87,True,33881.0,33881.0,True,4.62,4.26,False,2.31,2.38
123420,위메이드플레이,5,True,True,6.06,1.1,True,36.84,41.73,True,11470.0,11470.0,True,0.91,-0.33,False,0.3,0.31
101330,모베이스,5,True,True,3.36,2.0,True,58.66,60.22,True,23147.0,23147.0,True,4.09,3.19,False,1.19,1.24
101530,해태제과식품,5,True,True,4.54,3.17,True,58.35,60.83,True,29117.0,29117.0,True,7.8,7.31,False,0.9,0.91
110990,디아이티,5,True,True,12.0,6.23,True,11.62,12.13,True,18900.0,18900.0,True,20.65,8.03,False,0.48,0.51
417500,제이아이테크,5,True,True,6.64,3.12,False,42.25,38.73,True,32785.0,32785.0,True,15.18,9.45,True,0.47,0.41
230360,에코마케팅,5,True,True,11.12,8.96,True,28.15,30.04,True,31468.0,32368.0,False,12.41,13.16,True,1.04,0.88
456040,OCI,5,True,True,3.93,2.62,True,45.62,50.59,False,8953.0,7437.0,True,4.99,4.46,True,0.97,0.65
224760,엔에스컴퍼니,5,True,True,4.34,-9.25,False,46.56,41.71,True,3940.0,3940.0,True,0.7,-20.0,True,1.07,0.79
149010,아이케이세미콘,5,True,True,12.43,11.61,True,17.16,18.71,True,3120.0,3120.0,False,11.17,12.74,True,1.06,1.01
210980,SK디앤디,5,True,True,3.02,3.02,True,57.96,61.02,True,18617.0,22190.0,True,16.05,6.17,False,0.32,0.6
208850,이비테크,5,True,True,10.49,6.0,False,22.84,8.67,True,2820.0,2820.0,True,14.02,9.88,True,0.66,0.54
174880,장원테크,5,True,True,5.37,-2.66,False,17.49,16.71,True,4381.0,4381.0,True,7.36,-4.91,True,0.85,0.72
138360,협진,5,True,True,6.51,-3.61,True,26.17,28.9,False,48348.0,34612.0,True,-5.58,-22.33,True,0.3,0.2
145990,삼양사,5,True,True,4.11,3.81,True,41.33,46.58,True,10313.0,10313.0,True,5.0,4.27,False,0.8,0.83
144960,뉴파워프라즈마,5,True,True,3.11,2.46,False,58.63,58.05,True,43693.0,43693.0,True,7.7,6.25,True,0.57,0.55
294870,HDC현대산업개발,5,True,True,3.0,2.09,True,57.17,58.26,True,65907.0,65907.0,True,7.37,4.34,False,0.55,0.57
362320,청담글로벌,5,True,True,5.67,1.75,True,47.77,54.14,True,20551.0,20551.0,True,8.71,2.94,False,0.96,1.24
289010,아이스크림에듀,5,False,True,-8.02,-25.57,True,49.94,51.47,True,12864.0,12864.0,True,-1.77,-14.2,True,1.39,1.28
104830,원익머트리얼즈,5,True,True,6.63,5.45,True,17.4,17.5,True,12608.0,12608.0,True,16.84,16.7,False,0.5,0.53
419530,SAMG엔터,5,True,True,28.28,-19.92,True,46.05,68.38,True,8591.0,8591.0,True,17.71,-5.24,False,1.04,1.2
321260,프로이천,5,True,True,12.15,7.74,True,12.15,15.95,True,28192.0,28192.0,False,3.33,4.49,True,0.78,0.76
136540,윈스테크넷,5,True,True,9.76,9.56,True,11.33,13.36,True,12280.0,13864.0,False,20.1,21.61,True,0.5,0.48
134060,이퓨쳐,5,True,True,8.76,5.34,True,16.06,17.56,True,4769.0,4769.0,False,6.36,9.52,True,0.4,0.4
102260,동성케미컬,5,True,True,7.27,6.05,True,44.38,45.91,True,50177.0,50177.0,True,8.53,7.46,False,0.99,1.02
112610,씨에스윈드,5,True,True,5.99,3.98,True,63.44,66.75,True,42171.0,42171.0,True,10.9,8.32,False,0.8,0.85
296640,이노룰스,5,True,True,6.6,0.0,False,30.21,12.21,True,5178.0,5178.0,True,10.13,-7.74,True,0.5,0.45
376180,피코그램,5,True,True,9.09,6.53,True,44.81,48.04,False,18491.0,18417.0,True,8.72,5.42,True,0.41,0.4
110020,전진바이오팜,5,True,True,22.75,-36.16,True,6.35,64.97,False,9059.0,7484.0,True,6.22,-7.64,True,1.02,0.89
171090,선익시스템,5,True,True,12.29,-9.28,True,78.58,84.68,False,9494.0,9377.0,True,15.8,7.0,True,0.68,0.37
126880,제이엔케이글로벌,5,True,True,24.3,1.3,True,43.26,61.02,True,23205.0,23205.0,True,2.6,2.46,False,0.37,0.57
402340,SK스퀘어,5,True,True,22.0,16.65,True,8.65,10.65,True,134750.0,138981.0,True,158.43,63.74,False,0.15,0.28
123410,코리아에프티,5,True,True,8.54,7.59,True,49.13,52.75,True,27841.0,27841.0,True,6.23,5.1,False,1.53,1.58
208890,미래엔에듀파트너,5,True,True,8.7,-2.53,True,57.61,60.76,True,4006.0,4006.0,True,4.17,1.51,False,2.09,2.52
215200,메가스터디교육,5,True,True,10.61,5.72,True,42.12,46.86,True,11462.0,11694.0,True,14.3,13.12,False,0.94,1.07
227840,현대코퍼레이션홀딩스,5,True,True,11.25,8.37,True,19.06,21.13,True,9101.0,9101.0,False,9.04,9.93,True,0.57,0.55
215090,솔디펜스,5,True,True,22.87,-38.5,True,14.97,38.24,False,19930.0,16059.0,True,13.76,-14.72,True,0.45,0.44
265560,영화테크,5,True,True,13.07,7.06,False,30.53,27.55,True,10690.0,10690.0,True,16.24,7.7,True,0.89,0.75
372170,윤성에프앤씨,5,True,True,12.33,7.08,True,34.43,53.4,True,7979.0,7979.0,True,11.76,8.47,False,0.9,0.9
178780,일월지엠엘,5,True,True,16.23,-17.23,True,27.49,65.01,False,17349.0,13964.0,True,10.33,-1.4,True,0.98,0.75
332370,아이디피,5,True,True,16.84,10.53,False,8.35,4.56,True,13274.0,13274.0,True,23.87,15.11,True,0.68,0.64
339950,아이비김영,5,True,True,12.46,8.36,True,46.37,47.57,True,44947.0,44947.0,True,15.41,9.4,False,1.09,1.18
224110,에이텍모빌리티,5,True,True,13.34,6.25,True,33.24,44.17,True,5340.0,5340.0,False,7.58,8.57,True,0.71,0.5
217880,틸론,5,False,True,-9.01,-21.57,True,96.58,105.23,True,10727.0,10727.0,True,-3.9,-140.0,True,0.24,0.15
245450,씨앤에스링크,5,True,True,4.12,3.16,True,73.2,75.79,True,1580.0,1580.0,True,4.05,3.08,False,1.78,2.05
123330,제닉,5,True,True,19.9,-18.8,True,41.88,50.85,False,7969.0,7000.0,True,12.02,-14.23,True,1.31,1.2
214180,헥토이노베이션,5,True,True,5.96,5.03,False,52.64,52.35,True,13125.0,13257.0,True,15.33,15.31,True,0.48,0.46
290550,디케이티,5,True,True,9.41,1.84,True,36.39,44.7,False,20001.0,18668.0,True,5.73,5.25,True,1.41,1.17
308700,테크엔,5,False,True,-3.01,-14.62,True,84.94,100.0,True,4000.0,4000.0,True,-8.33,-68.18,True,0.36,0.17
383800,LX홀딩스,5,True,True,9.26,8.41,False,2.02,1.87,True,76281.0,76281.0,True,81.42,80.21,True,0.12,0.1
204020,그리티,5,True,True,9.43,8.94,False,21.09,19.36,True,20147.0,20147.0,True,6.32,6.3,True,1.89,1.87
187270,신화콘텍,5,True,True,7.72,4.13,True,31.07,35.66,True,10144.0,10144.0,True,13.46,9.44,False,0.53,0.55
123700,SJM,5,True,True,7.23,6.76,True,20.27,20.95,True,15605.0,15605.0,True,7.03,6.64,False,0.71,0.79
106190,하이텍팜,5,True,True,9.78,6.0,True,14.56,20.8,True,10633.0,10633.0,True,20.13,13.15,False,0.55,0.57
252990,샘씨엔에스,5,True,True,1.49,-0.68,True,35.19,46.77,False,58388.0,50154.0,True,9.76,-9.39,True,0.24,0.16
103590,일진전기,5,True,True,6.64,3.7,True,59.87,59.94,False,47685.0,38971.0,True,7.22,5.05,True,1.36,1.26
278470,에이피알,5,True,True,32.29,19.04,True,38.26,42.75,False,38126.0,36377.0,True,23.04,16.98,True,1.7,1.28
208640,썸에이지,5,False,True,-27.49,-31.88,True,9.96,33.42,True,139240.0,139240.0,True,-72.86,-110.34,True,0.56,0.3
170920,엘티씨,5,True,True,4.42,-9.61,True,42.49,63.53,False,9806.0,9412.0,True,8.74,-14.11,True,0.85,0.38
270210,에스알바이오텍,5,True,True,25.0,-37.5,True,65.62,132.5,False,1655.0,1243.0,True,6.8,-15.85,True,4.59,2.05
176750,듀켐바이오,5,True,True,20.15,12.27,True,24.65,34.05,False,28455.0,27025.0,True,31.6,14.33,True,0.69,0.55
260970,에스앤디,5,True,True,18.28,11.22,False,26.88,16.49,True,2893.0,4059.0,True,17.31,14.61,True,1.25,0.83
268280,미원에스씨,5,True,True,10.66,4.03,False,20.66,19.1,True,5000.0,5000.0,True,11.55,5.14,True,0.99,0.95
208860,엔지스테크널러지,5,True,True,5.41,-19.42,True,11.68,73.14,False,30529.0,11444.0,True,16.07,-61.22,True,0.19,0.16
146060,율촌,5,True,True,2.77,-19.63,True,46.74,49.67,False,24016.0,21624.0,True,6.65,5.65,True,0.83,0.8
267260,HD현대일렉트릭,5,True,True,14.7,13.13,True,58.02,60.28,True,36047.0,36047.0,True,23.33,20.14,False,0.86,0.88
336570,원텍,5,True,True,20.8,16.36,True,24.6,28.72,False,89341.0,88174.0,True,39.69,30.18,True,0.71,0.65
338100,NH프라임리츠,5,True,True,9.64,6.31,True,0.27,1.78,True,18660.0,18660.0,True,95.5,47.95,False,0.1,0.13
180640,한진칼,5,True,True,12.17,10.26,True,21.25,24.6,True,66762.0,66762.0,True,16.84,15.52,False,0.07,0.07
267250,HD현대,5,True,True,4.5,2.61,True,61.89,64.28,True,78993.0,78993.0,True,7.85,4.4,False,0.91,0.92
281820,케이씨텍,5,True,True,9.6,6.34,False,12.26,9.46,True,20862.0,20862.0,True,12.92,11.4,True,0.7,0.57
170030,현대공업,5,True,True,5.78,5.71,True,31.57,37.3,True,15340.0,15340.0,False,3.33,5.01,True,1.46,1.34
194700,노바렉스,5,True,True,9.7,8.22,False,25.3,23.93,True,18755.0,18755.0,True,10.19,7.79,True,1.17,1.03
356860,티엘비,5,True,True,8.01,1.91,False,42.15,40.5,True,9833.0,9833.0,True,9.86,1.89,True,1.14,0.96
200670,휴메딕스,5,True,True,15.73,11.27,True,8.49,9.95,True,11230.0,11230.0,True,26.62,24.49,False,0.65,0.69
460850,동국씨엠,5,True,True,3.48,0.59,False,44.67,43.79,True,29899.0,29899.0,True,3.57,2.11,True,1.18,0.74
141000,비아트론,5,True,True,6.57,0.91,False,12.69,11.63,True,12115.0,12115.0,True,11.72,-6.07,True,0.28,0.15
228670,레이,5,True,True,1.0,-31.0,True,63.32,63.57,False,15513.0,15284.0,True,2.01,-55.51,True,0.54,0.39
161890,한국콜마,5,True,True,4.43,4.01,True,51.37,51.84,False,23605.0,22881.0,True,9.25,7.91,True,0.82,0.78
290560,신시웨이,5,True,True,9.88,-0.0,True,11.07,17.03,False,3878.0,3632.0,True,20.34,14.29,True,0.47,0.46
254160,제이엠멀티,4,True,True,0.35,-7.38,False,82.39,81.18,True,5160.0,5160.0,True,4.4,-3.99,False,0.96,1.02
348150,고바이오랩,4,False,True,-4.51,-13.26,True,45.64,46.07,False,19374.0,18872.0,True,-10.09,-55.89,True,0.67,0.29
222800,심텍,4,False,True,-1.09,-2.15,False,70.29,68.93,True,31854.0,31854.0,True,2.36,-3.82,True,0.91,0.85
250930,예선테크,4,False,True,-11.26,-18.82,False,69.42,59.41,True,33000.0,33000.0,True,-7.34,-19.95,True,0.82,0.81
293940,신한알파리츠,4,True,True,0.47,0.22,True,68.9,74.98,False,120940.0,88852.0,True,65.74,57.98,False,0.03,0.03
417310,코람코더원리츠,4,True,True,0.63,0.63,False,61.03,60.97,True,40400.0,40400.0,False,68.0,68.0,True,0.01,0.01
168330,내츄럴엔도텍,4,False,True,-12.31,-15.05,False,19.52,16.94,True,31755.0,31755.0,True,-17.04,-21.81,True,0.67,0.51
208340,파멥신,4,False,True,-9.02,-53.18,True,12.15,37.83,False,80201.0,30201.0,True,-197.44,-12100.0,True,0.07,0.0
255220,SG,4,False,True,-15.55,-17.49,True,62.76,72.73,False,97043.0,53273.0,True,-5.13,-16.69,True,0.51,0.43
451220,아이엠티,4,False,True,-6.58,-7.59,False,47.53,12.21,True,7875.0,7875.0,True,-16.18,-33.85,True,0.25,0.21
137940,넥스트아이,4,False,True,-6.02,-15.78,False,30.69,24.62,True,78321.0,78321.0,True,-10.58,-68.93,True,0.45,0.16
153710,옵티팜,4,False,True,-5.54,-6.11,False,36.95,35.88,True,14670.0,14670.0,True,-12.76,-14.94,True,0.45,0.44
377190,디앤디플랫폼리츠,4,True,True,0.43,0.36,True,64.18,65.06,False,88400.0,65055.0,True,55.32,51.49,False,0.02,0.02
126560,현대퓨처넷,4,True,True,1.27,0.32,False,8.68,8.02,True,110203.0,110203.0,False,3.2,5.38,True,0.24,0.18
102280,쌍방울,4,False,True,-8.12,-18.15,True,20.09,21.07,True,26259.0,26259.0,False,-2.5,0.42,True,0.72,0.66
214260,라파스,4,False,True,-7.62,-9.16,True,58.48,67.83,False,8922.0,8657.0,True,-12.87,-14.7,True,0.36,0.28
177350,베셀,4,False,True,-20.47,-33.24,True,58.09,63.32,False,17874.0,15978.0,True,-45.53,-50.19,True,0.5,0.36
123840,뉴온,4,False,True,-28.74,-40.03,True,27.72,43.38,False,37154.0,10140.0,True,-69.23,-206.82,True,0.13,0.07
246960,SCL사이언스,4,False,True,-15.35,-16.56,True,35.27,37.42,False,29127.0,28941.0,True,-78.72,-307.69,True,0.2,0.04
289930,웨이비스,4,False,True,-8.21,-27.78,True,49.85,68.89,False,12520.0,10885.0,True,-16.67,-56.21,True,0.44,0.31
109610,에스와이,4,True,True,1.45,-2.23,False,54.8,54.1,True,48907.0,48907.0,True,3.9,2.46,False,1.29,1.3
373110,엑셀세라퓨틱스,4,False,True,-56.21,-88.57,True,46.15,77.14,False,10918.0,9164.0,True,-489.47,-790.91,True,0.11,0.1
377300,카카오페이,4,True,True,1.37,-0.49,False,56.72,56.72,False,134635.0,134265.0,True,3.17,-7.5,True,0.21,0.17
192250,케이사인,4,True,False,0.21,2.58,True,39.71,41.56,True,7067.0,7067.0,False,2.5,9.13,True,0.27,0.25
246250,에스엘에스바이오,4,True,False,1.83,7.87,True,23.17,24.72,True,15348.0,15348.0,False,3.57,11.11,True,0.51,0.51
298060,에스씨엠생명과학,4,False,True,-53.45,-94.49,False,38.79,19.29,True,20467.0,20467.0,True,-1412.5,-1857.14,True,0.03,0.03
102120,어보브반도체,4,False,True,-6.18,-11.59,True,47.27,51.23,True,17781.0,17781.0,True,-2.2,-6.28,False,0.79,0.81
338840,와이바이오로직스,4,False,True,-29.49,-68.98,True,15.67,22.77,False,14783.0,14763.0,True,-144.83,-288.57,True,0.27,0.12
294140,레몬,4,False,True,-23.38,-31.93,True,38.81,40.7,True,21000.0,21000.0,True,-86.3,-111.43,False,0.36,0.37
102460,이연제약,4,True,True,0.84,0.72,True,50.02,50.26,True,18587.0,18587.0,False,-0.67,1.19,False,0.3,0.3
103660,씨앗,4,False,True,-1.15,-1.2,False,96.93,95.98,True,6017.0,6017.0,True,8.96,4.7,True,1.07,0.94
291650,압타머사이언스,4,False,True,-27.19,-41.85,True,20.31,52.62,False,29280.0,17515.0,True,-645.45,-6100.0,True,0.03,0.01
214680,디알텍,4,True,True,0.91,-10.76,False,62.25,59.4,False,74015.0,72520.0,True,3.98,-12.4,True,0.66,0.54
373200,엑스플러스,4,False,True,-8.3,-26.14,True,58.1,84.8,False,89731.0,75706.0,True,-37.5,-37.76,True,0.41,0.3
224810,엄지하우스,4,False,True,-5.11,-7.51,False,87.52,85.59,True,4200.0,4200.0,True,1.6,-2.26,True,1.23,1.04
900070,글로벌에스엠,4,True,False,1.12,2.31,True,19.99,21.66,True,53744.0,53744.0,True,4.55,3.24,False,0.73,0.73
347860,알체라,4,False,True,-55.62,-74.03,True,60.11,77.35,False,28728.0,25029.0,True,-60.12,-159.48,True,0.97,0.32
417200,LS머트리얼즈,4,True,False,2.25,4.58,True,18.17,23.7,True,67653.0,67653.0,False,4.36,9.93,True,0.56,0.51
205500,넥써쓰,4,False,True,-24.26,-30.3,True,23.67,25.76,False,57465.0,50621.0,True,-117.11,-294.55,True,0.22,0.14
376270,에이치이엠파마,4,False,True,-20.6,-42.09,True,29.0,37.41,False,6962.0,6244.0,True,-50.99,-222.64,True,0.41,0.19
239340,이스트에이드,4,False,True,-13.59,-22.5,False,42.12,19.06,True,26980.0,26980.0,True,-29.27,-44.93,True,0.45,0.43
266870,파워풀엑스,4,False,True,-20.0,-20.16,True,15.24,15.5,True,6409.0,6409.0,False,-28.28,-27.83,True,0.94,0.89
263600,덕우전자,4,False,True,-0.19,-4.15,False,49.69,49.35,True,15930.0,15930.0,True,-0.62,-5.68,True,0.77,0.75
389500,에스비비테크,4,False,True,-3.11,-20.18,True,58.13,78.72,True,6175.0,6175.0,False,-125.45,-109.8,True,0.19,0.09
106080,케이이엠텍,4,False,True,-7.84,-50.0,True,38.15,47.35,False,25135.0,16373.0,True,-24.43,-74.0,True,0.31,0.22
195990,에이비프로바이오,4,False,True,-11.04,-18.09,False,23.57,13.93,True,284690.0,284690.0,True,-32.18,-34.65,True,0.22,0.18
282720,금양그린파워,4,True,True,2.26,-6.93,False,46.15,41.83,True,12120.0,12120.0,True,0.85,-7.03,False,1.36,1.5
291810,핀텔,4,True,True,0.43,-5.04,True,9.13,20.16,False,11358.0,11344.0,True,-14.15,-21.09,False,0.46,0.5
446440,에피바이오텍,4,False,True,-60.71,-67.24,False,67.86,56.9,True,2298.0,2298.0,True,-428.57,-920.0,True,0.25,0.09
185490,아이진,4,False,True,-19.75,-28.68,False,22.21,17.67,True,27030.0,27030.0,True,-391.18,-874.19,True,0.05,0.04
314930,바이오다인,4,False,True,0.0,-2.27,False,2.48,1.36,True,29764.0,29764.0,True,-32.08,-51.22,True,0.12,0.09
219750,한국비티비,4,False,True,-0.47,-24.53,True,33.8,98.93,False,65427.0,5686.0,True,3.32,-270.37,True,0.71,0.07
258050,테크트랜스,4,False,True,-60.0,-92.31,False,50.0,15.38,True,9994.0,9994.0,True,-85.71,-300.0,True,0.7,0.31
250030,진코스텍,4,False,True,-0.0,-10.94,False,92.79,92.5,True,2589.0,2589.0,True,4.03,-13.33,True,0.89,0.61
361610,SK아이이테크놀로지,4,False,True,-2.51,-5.94,False,46.87,43.99,True,71298.0,71298.0,True,-65.69,-133.55,True,0.07,0.05
117730,티로보틱스,4,False,True,-0.75,-37.37,True,70.56,76.92,False,18172.0,17773.0,True,-11.53,-12.29,True,0.57,0.5
126340,비나텍,4,False,True,-0.86,-5.51,False,57.44,52.36,True,6372.0,6372.0,True,2.55,-13.59,True,0.44,0.34
365900,브이씨,4,False,True,-7.49,-14.5,False,58.85,56.27,True,7310.0,7310.0,True,-10.66,-31.18,True,0.54,0.43
251280,안지오랩,4,False,True,-34.78,-58.97,True,47.83,51.28,False,2990.0,2901.0,True,-40.0,-480.0,True,0.87,0.13
299480,지앤이헬스케어,4,False,True,-1.47,-4.29,True,29.41,30.0,True,11101.0,11101.0,True,-6.45,-11.11,False,0.46,0.51
138080,오이솔루션,4,False,True,-10.67,-24.23,False,52.96,45.75,True,10624.0,10624.0,True,-24.92,-95.0,True,0.49,0.23
145210,다이나믹디자인,4,False,True,-6.81,-25.45,False,54.89,50.89,True,34582.0,34582.0,True,-3.99,-14.04,True,0.6,0.54
223220,로지스몬,4,False,True,-15.79,-62.5,False,121.05,108.33,True,46051.0,46051.0,True,-3.92,-4.9,True,5.37,4.25
146320,비씨엔씨,4,True,True,0.73,-1.42,False,56.04,54.76,False,12793.0,12760.0,True,6.24,-2.71,True,0.51,0.48
238170,엔에스엠,4,False,True,-0.56,-1.39,True,26.82,29.09,True,20775.0,20775.0,True,-4.5,-7.41,False,0.62,0.67
271940,일진하이솔루스,4,True,True,0.52,0.41,False,7.78,6.62,True,36313.0,36313.0,True,-11.98,-12.45,False,0.23,0.23
279600,미디어젠,4,False,True,-11.02,-21.83,True,52.49,57.54,True,4685.0,4685.0,True,-39.17,-41.41,False,0.31,0.51
299660,셀리드,4,False,True,-16.16,-18.15,True,32.72,36.62,False,22382.0,18408.0,True,-285.71,-2440.0,True,0.06,0.01
198940,한주라이트메탈,4,False,True,-3.47,-7.83,True,76.95,81.26,False,38923.0,25066.0,True,-3.47,-6.15,True,1.19,1.13
117670,알파칩스,4,False,True,-15.85,-39.79,True,36.6,39.97,False,4903.0,3768.0,True,-1.64,-3.5,True,1.61,1.38
307750,국전약품,4,True,False,0.24,2.09,True,54.07,56.69,True,49069.0,49069.0,False,0.29,5.33,True,0.64,0.54
189300,인텔리안테크,4,False,True,-0.5,-0.68,False,44.64,39.96,True,10733.0,10733.0,True,1.14,-7.53,True,0.66,0.58
267320,나인테크,4,False,False,-2.9,3.36,True,54.78,65.16,True,43664.0,43664.0,True,2.33,-2.52,True,1.06,0.48
249420,일동제약,4,False,True,-2.11,-13.25,False,73.01,71.49,True,28063.0,28063.0,True,2.13,-8.97,True,1.04,0.98
396690,미래에셋글로벌리츠,4,True,True,0.33,-0.22,False,57.75,55.6,True,39606.0,39606.0,True,33.86,32.81,False,0.03,0.04
263700,케어랩스,4,False,True,-13.75,-14.73,False,61.62,53.7,True,19414.0,19414.0,True,-5.41,-14.18,True,0.58,0.5
121850,코이즈,4,False,True,-9.41,-13.06,False,57.49,55.49,True,30614.0,30614.0,True,-15.46,-25.0,True,0.72,0.49
452430,사피엔반도체,4,False,True,-54.81,-60.65,True,47.44,49.54,False,8096.0,7801.0,True,-42.5,-215.62,True,0.26,0.15
247540,에코프로비엠,4,True,True,1.04,-1.35,False,60.17,54.27,True,97801.0,97801.0,True,3.75,-1.23,False,0.6,0.64
143540,영우디에스피,4,False,True,-5.69,-18.14,False,63.8,59.63,True,44600.0,44600.0,True,-8.46,-23.22,True,0.86,0.67
234920,자이글,4,False,True,-12.45,-20.12,False,55.13,39.46,True,13531.0,13531.0,True,-40.5,-212.2,True,0.22,0.08
206400,베노티앤알,4,False,True,-3.44,-6.42,True,9.07,34.8,False,37510.0,30099.0,True,-38.34,-70.71,True,0.24,0.08
222040,코스맥스엔비티,4,False,True,-0.52,-1.7,False,88.11,80.45,True,20628.0,20628.0,True,3.79,3.11,True,1.07,1.0
208710,포톤,4,False,True,-9.71,-12.66,True,45.5,46.77,False,13180.0,12520.0,True,-2.51,-2.67,True,1.37,1.14
413300,티엘엔지니어링,4,False,True,-5.8,-8.57,True,82.61,84.29,False,1352.0,1306.0,True,-2.92,-5.94,True,1.99,1.44
229000,젠큐릭스,4,False,True,-13.67,-60.0,True,50.33,64.18,False,15802.0,13562.0,True,-166.67,-430.77,True,0.17,0.08
304100,솔트룩스,4,False,True,-6.33,-10.83,True,22.1,25.61,False,12131.0,11929.0,True,-14.38,-30.19,True,0.49,0.31
373220,LG에너지솔루션,4,True,True,1.18,0.56,False,52.82,48.65,True,234000.0,234000.0,True,6.49,-3.53,False,0.36,0.42
100130,동국S&C,4,False,False,-12.81,-6.41,True,39.67,47.25,True,57143.0,57143.0,True,-3.32,-19.76,True,0.53,0.38
205470,휴마시스,4,False,True,-10.73,-15.95,False,24.95,17.28,True,129375.0,129375.0,True,-41.73,-379.71,True,0.08,0.04
389470,인벤티지랩,4,False,True,-23.51,-59.73,True,54.91,90.27,False,10045.0,8454.0,True,-1055.56,-2285.71,True,0.02,0.02
199800,툴젠,4,True,True,8.21,-45.24,True,22.52,67.81,False,8549.0,7919.0,False,-2422.22,-1554.55,True,0.01,0.01
108490,로보티즈,4,True,True,2.89,-2.99,False,5.31,4.19,False,13060.0,12811.0,True,7.09,-10.0,True,0.41,0.3
214150,클래시스,4,True,True,18.69,16.03,True,21.08,25.59,False,65506.0,64777.0,False,50.3,50.39,True,0.49,0.4
156100,엘앤케이바이오,4,True,True,11.07,-8.28,False,56.56,51.27,True,19937.0,19937.0,True,8.59,6.69,False,0.43,0.48
236200,슈프리마,4,True,False,8.69,12.5,False,9.04,9.03,True,7193.0,7193.0,True,22.45,21.53,True,0.45,0.42
238120,얼라인드,4,True,True,9.26,7.82,True,19.86,23.47,True,14379.0,14379.0,False,17.72,21.71,False,0.36,0.37
194480,데브시스터즈,4,True,True,11.17,10.87,True,36.53,40.78,False,12041.0,11986.0,False,10.37,11.52,True,1.22,0.91
241790,티이엠씨씨엔에스,4,True,False,5.4,6.27,True,28.49,43.36,True,10003.0,10003.0,False,3.05,9.48,True,1.2,0.73
160980,싸이맥스,4,True,True,6.77,5.55,False,23.61,23.57,True,10924.0,10924.0,True,14.17,4.53,False,0.73,0.74
415380,스튜디오삼익,4,True,True,7.58,6.85,True,26.53,39.56,False,12676.0,10050.0,True,3.71,2.94,False,2.27,2.97
241690,유니테크노,4,True,True,4.59,4.34,True,39.68,39.91,True,24471.0,25012.0,False,7.71,11.19,False,0.45,0.49
121440,골프존홀딩스,4,True,True,4.15,3.63,True,28.92,31.26,True,42837.0,42837.0,False,10.2,12.66,False,0.37,0.41
111380,동인기연,4,True,False,3.41,5.81,True,48.89,48.94,True,6128.0,6128.0,False,8.13,9.31,True,0.81,0.78
253590,네오셈,4,True,True,13.53,7.8,True,18.32,18.42,False,43869.0,43446.0,True,15.68,8.03,False,0.74,0.95
105630,한세실업,4,True,False,3.15,4.1,True,48.86,50.19,True,40000.0,40000.0,False,3.36,7.91,True,1.29,1.26
263720,디앤씨미디어,4,True,True,10.83,9.37,True,20.5,23.59,False,12524.0,12487.0,True,16.17,12.34,False,0.68,0.72
403870,HPSP,4,True,True,26.98,25.07,True,13.13,13.6,False,83215.0,82844.0,False,51.76,53.15,True,0.57,0.56
351020,미쥬,4,True,True,4.76,4.64,True,71.9,74.83,True,2075.0,2075.0,False,4.87,5.63,False,1.47,1.53
259960,크래프톤,4,True,False,11.14,16.45,True,13.54,13.77,True,47907.0,48363.0,False,42.32,43.64,True,0.37,0.34
241590,화승엔터프라이즈,4,True,False,0.64,2.24,True,61.67,63.34,True,60589.0,60589.0,False,2.55,5.13,True,1.12,1.05
131290,티에스이,4,True,False,5.81,8.66,True,21.69,23.05,True,11061.0,11061.0,False,10.76,11.46,True,0.73,0.67
950140,잉글우드랩,4,True,False,7.73,9.81,False,28.18,27.94,True,19868.0,19868.0,True,13.11,10.32,True,0.94,0.91
116100,태양기계,4,True,True,1.77,0.71,False,62.39,57.72,True,6240.0,6240.0,False,5.98,6.33,True,0.78,0.75
381620,제닉스로보틱스,4,True,True,7.45,5.25,True,28.82,65.76,False,13118.0,11940.0,True,6.77,5.22,False,0.79,1.04
443060,HD현대마린솔루션,4,True,True,21.19,19.78,False,34.46,32.87,False,44829.0,40000.0,True,17.79,15.57,True,1.55,1.51
213500,한솔제지,4,True,True,1.55,-1.51,False,68.1,65.92,True,23801.0,23801.0,True,3.58,0.99,False,1.08,1.1
129890,앱코,4,True,True,4.81,1.88,False,42.13,39.5,True,50643.0,50643.0,True,5.14,2.22,False,0.96,1.03
140860,파크시스템스,4,True,False,14.68,15.6,True,29.51,31.5,False,6988.0,6966.0,True,24.29,21.99,True,0.65,0.64
333050,모코엠시스,4,True,True,7.89,3.7,False,29.93,29.63,False,24459.0,23552.0,True,7.14,2.85,True,0.92,0.83
354390,바스칸바이오제약,4,True,False,8.09,8.64,True,12.72,15.12,True,7018.0,7018.0,True,4.15,3.95,False,0.84,0.94
389260,대명에너지,4,True,True,2.11,1.77,False,65.21,64.83,True,17050.0,17050.0,False,14.31,27.11,True,0.18,0.18
101930,인화정공,4,True,True,9.3,0.78,True,39.58,47.15,False,9616.0,9332.0,True,11.1,4.71,False,0.22,0.33
272110,케이엔제이,4,True,True,10.97,8.54,False,54.59,48.5,False,8005.0,7960.0,True,26.85,22.67,True,0.52,0.49
128820,대성산업,4,True,True,0.5,-0.23,True,63.22,64.61,True,45235.0,45235.0,False,1.48,1.83,False,0.88,0.93
101240,씨큐브,4,True,True,8.03,3.69,False,23.58,16.4,True,10341.0,10341.0,True,16.97,9.78,False,0.52,0.55
378850,화승알앤에이,4,True,True,6.9,5.62,True,67.97,73.89,True,18994.0,18994.0,False,4.43,4.67,False,1.5,1.58
465770,STX그린로지스,4,True,True,10.71,1.89,False,68.45,58.86,True,7171.0,7171.0,True,10.21,6.36,False,0.29,0.38
277880,티에스아이,4,True,True,8.0,-1.43,True,65.75,71.64,False,20161.0,20156.0,True,5.74,0.77,False,0.74,0.76
234080,JW생명과학,4,True,True,13.53,10.99,False,38.4,37.69,True,15835.0,15835.0,True,16.13,14.93,False,0.68,0.81
950170,JTC,4,True,False,15.0,21.54,True,40.87,48.88,False,51746.0,50289.0,True,15.74,6.71,True,1.01,0.86
101160,월덱스,4,True,False,16.59,17.18,True,21.52,23.65,True,16511.0,16511.0,True,22.91,22.49,False,0.78,0.92
212560,네오오토,4,True,True,8.16,6.75,False,42.81,38.82,True,11812.0,11812.0,True,5.76,5.25,False,1.01,1.12
265520,AP시스템,4,True,False,7.37,8.64,True,35.48,43.88,True,15281.0,15281.0,True,9.41,9.13,False,0.82,0.86
900290,GRT,4,True,False,5.35,6.53,True,43.36,45.1,True,80850.0,80850.0,False,14.31,17.45,True,0.53,0.5
211050,인카금융서비스,4,True,True,8.76,5.93,True,79.19,80.55,True,51380.0,51380.0,False,9.72,10.37,False,1.38,1.67
134380,미원화학,4,True,True,14.37,13.23,False,13.25,12.32,True,2199.0,2199.0,True,11.17,10.71,False,1.37,1.41
215360,우리산업,4,True,False,4.1,5.71,True,65.52,67.66,True,9132.0,9132.0,False,2.94,4.44,True,1.57,1.48
307280,원바이오젠,4,True,False,12.83,13.99,True,9.69,24.01,True,7392.0,7392.0,False,21.05,23.99,True,0.74,0.69
250060,모비스,4,True,True,18.36,-7.33,True,30.14,33.9,True,32171.0,32171.0,False,-48.0,-34.03,False,0.1,0.33
203450,유니온바이오메트릭스,4,True,True,6.91,5.15,False,40.76,33.89,True,14079.0,14679.0,True,4.94,3.11,False,0.8,0.85
114920,대주이엔티,4,True,False,3.36,10.74,True,54.99,56.24,True,3470.0,3470.0,True,9.23,7.91,False,0.92,1.44
263690,디알젬,4,True,True,8.28,7.17,True,29.02,38.24,True,11326.0,11326.0,False,8.56,8.95,False,0.85,0.88
222080,씨아이에스,4,True,True,7.66,4.79,True,34.76,55.51,False,77372.0,70258.0,False,11.66,12.54,True,0.69,0.52
177830,파버나인,4,True,True,4.22,0.08,False,52.02,43.37,True,13289.0,14289.0,True,6.1,1.41,False,0.8,0.92
448710,코츠테크놀로지,4,True,True,12.29,10.82,True,31.18,43.43,False,5181.0,5082.0,False,14.62,17.15,True,0.97,0.79
445180,퓨릿,4,True,False,11.36,12.2,True,10.2,16.03,True,16769.0,16769.0,True,11.43,10.62,False,1.18,1.21
192400,쿠쿠홀딩스,4,True,False,10.0,10.42,True,12.67,13.65,True,35562.0,35562.0,True,12.38,11.21,False,0.61,0.62
118000,메타케어,4,True,True,5.36,-16.74,False,26.16,11.33,False,164777.0,142777.0,True,7.43,5.78,True,0.13,0.11
138490,코오롱ENP,4,True,False,8.12,9.59,True,19.25,21.35,True,38000.0,38000.0,True,9.42,8.19,False,1.11,1.18
318410,비비씨,4,True,True,8.31,4.34,False,14.95,12.67,True,5555.0,5555.0,True,18.5,9.39,False,0.56,0.69
217950,파마리서치바이오,4,True,True,11.79,3.6,False,50.52,46.17,True,4064.0,4064.0,True,33.33,31.0,False,0.3,0.31
453860,에이에스텍,4,True,True,10.61,9.74,False,36.87,32.95,True,5657.0,5657.0,True,20.42,19.45,False,0.48,0.68
120030,조선선재,4,True,True,9.69,8.36,False,6.65,5.98,True,1258.0,1258.0,True,17.09,15.92,False,0.3,0.43
119610,인터로조,4,True,True,7.01,0.09,False,29.5,27.52,True,13216.0,13216.0,True,19.57,5.01,False,0.48,0.49
262840,아이퀘스트,4,True,True,6.87,6.06,True,12.94,14.89,True,21134.0,21134.0,False,8.37,8.98,False,0.65,0.66
206650,유바이오로직스,4,True,True,9.4,-10.14,False,34.69,30.96,False,36534.0,36455.0,True,35.73,11.1,True,0.48,0.46
128660,피제이메탈,4,True,False,0.84,9.42,False,44.8,44.1,True,24803.0,24803.0,True,3.61,2.31,True,1.95,1.71
460930,현대힘스,4,True,True,5.08,4.03,True,28.48,29.38,False,35392.0,29600.0,True,9.63,7.66,False,0.68,0.76
195500,마니커에프앤지,4,True,True,2.45,1.98,True,36.87,37.42,False,15978.0,15928.0,True,3.53,2.08,False,0.88,0.95
237690,에스티팜,4,True,True,5.68,4.5,False,31.48,30.32,False,20153.0,18809.0,True,16.16,10.12,True,0.41,0.38
330350,위더스제약,4,True,False,3.56,6.12,True,30.88,30.96,True,13202.0,13202.0,False,5.55,9.86,True,0.76,0.61
457190,이수스페셜티케미컬,4,True,True,3.51,-2.84,False,59.4,56.42,False,30208.0,27994.0,True,4.28,-5.19,True,1.11,0.54
267270,HD현대건설기계,4,True,False,2.54,2.59,True,46.03,46.04,True,18306.0,19701.0,False,4.79,5.54,True,1.07,1.03
238490,힘스,4,True,False,3.11,5.86,True,18.45,28.35,True,11312.0,11312.0,False,0.33,11.38,True,0.71,0.52
200130,콜마비앤에이치,4,True,False,2.49,2.69,True,42.78,42.94,True,29416.0,29544.0,False,4.0,5.23,True,0.89,0.83
460860,동국제강,4,True,False,1.09,4.03,True,46.72,51.26,True,49608.0,49608.0,False,2.91,8.95,True,1.1,0.75
257370,피엔티엠에스,4,True,True,2.47,-4.91,True,50.26,52.46,False,12505.0,11688.0,True,4.58,-4.4,False,0.46,0.49
272210,한화시스템,4,True,False,2.55,7.78,True,55.79,57.78,True,188919.0,188919.0,False,5.27,7.82,True,0.49,0.49
131100,티엔엔터테인먼트,4,True,True,1.77,-13.44,True,46.46,47.56,True,28048.0,28048.0,False,6.79,8.98,False,1.15,1.22
348950,제이알글로벌리츠,4,True,False,1.17,1.62,False,54.38,52.67,True,197376.0,197376.0,True,85.43,73.3,True,0.03,0.03
126640,화신정공,4,True,False,1.53,4.56,True,37.07,40.11,True,36374.0,36374.0,False,0.4,2.42,True,1.9,1.83
123570,이엠넷,4,True,True,4.25,3.09,False,29.03,25.67,True,22276.0,22276.0,True,13.22,10.57,False,0.26,0.28
900270,헝셩그룹,4,True,True,0.53,-0.22,False,15.79,14.33,False,152282.0,125535.0,True,6.32,0.68,True,0.27,0.24
124500,아이티센글로벌,4,True,True,3.82,-0.8,False,65.89,63.42,False,23205.0,22707.0,True,1.18,1.08,True,5.25,3.62
352820,하이브,4,True,True,2.14,-0.06,False,38.44,35.87,True,41652.0,41652.0,False,7.25,8.16,True,0.46,0.41
112190,KC산업,4,True,False,0.3,1.62,False,78.1,74.39,True,7125.0,7125.0,True,11.27,5.77,True,0.51,0.46
389020,자람테크놀로지,4,True,True,2.55,-3.45,False,45.79,5.84,True,6198.0,6198.0,True,1.8,-18.1,False,0.28,0.31
100090,SK오션플랜트,4,True,True,2.13,1.19,False,53.69,49.82,True,59196.0,59196.0,False,5.78,6.31,True,0.64,0.47
253450,스튜디오드래곤,4,True,False,2.83,3.62,True,20.08,20.09,True,30059.0,30059.0,False,6.13,6.62,True,0.62,0.59
307180,아이엘,4,True,True,0.65,-22.8,False,87.19,81.86,False,27043.0,25822.0,True,5.99,-42.71,True,0.6,0.49
163280,에어레인,4,True,True,2.43,-33.41,True,22.33,24.56,False,8175.0,7061.0,True,7.76,1.23,False,0.3,0.36
445090,에이직랜드,4,True,True,2.14,-8.38,True,46.33,49.55,False,10772.0,10678.0,True,3.16,-18.07,False,0.56,0.56
121600,나노신소재,4,True,True,1.57,-0.43,False,46.45,44.78,False,12196.0,12160.0,True,5.24,3.42,True,0.24,0.2
290740,액트로,4,True,False,1.32,4.8,True,39.23,42.51,True,10065.0,10065.0,False,1.18,3.0,True,1.79,1.32
405100,큐알티,4,True,True,2.13,1.83,False,33.75,29.41,False,12289.0,11988.0,True,7.35,1.5,True,0.48,0.38
331520,밸로프,4,True,True,3.74,2.05,True,32.97,33.26,True,50864.0,50864.0,False,-0.56,0.56,False,0.78,0.82
115500,케이씨에스,4,True,False,8.37,10.57,True,20.92,26.79,True,12000.0,12000.0,True,6.78,6.71,False,1.23,1.8
248170,샘표식품,4,True,False,2.73,2.84,True,33.5,35.51,True,4568.0,4568.0,False,1.61,2.56,True,1.09,1.05
489790,한화비전,4,True,True,2.06,0.2,False,50.41,48.17,,,,True,10.67,-0.02,True,1.09,0.31
352480,씨앤씨인터내셔널,4,True,False,6.73,10.98,True,24.24,30.26,True,10014.0,10014.0,True,10.91,10.25,False,0.82,0.96
368970,오에스피,4,True,True,3.8,0.14,True,32.35,37.96,True,9346.0,9346.0,False,-0.33,5.68,False,0.43,0.49
388050,지투파워,4,True,True,8.74,7.53,False,42.75,42.11,False,18709.0,18637.0,True,8.48,6.68,True,1.12,0.99
127980,화인써키트,4,True,False,1.11,4.44,True,51.86,54.35,True,11841.0,11841.0,False,1.6,5.24,True,0.87,0.81
281740,레이크머티리얼즈,4,True,False,5.98,8.14,True,62.62,63.05,True,65731.0,65731.0,False,16.01,25.04,True,0.39,0.39
378340,필에너지,4,True,True,6.32,-2.56,True,32.58,48.5,False,21286.0,21209.0,False,4.98,7.78,True,1.35,0.79
122900,아이마켓코리아,4,True,True,2.68,1.77,True,67.6,70.85,True,33429.0,33429.0,False,1.1,1.35,False,2.33,2.42
347890,엠투아이,4,True,True,8.19,8.18,False,6.4,5.97,True,16913.0,16913.0,False,15.22,16.97,True,0.47,0.43
336060,웨이버스,4,True,False,6.06,14.4,True,27.89,28.6,True,48155.0,48155.0,False,3.01,10.45,True,1.03,0.99
223250,드림씨아이에스,4,True,True,4.56,4.4,True,35.44,35.78,False,23799.0,23709.0,True,8.69,3.35,False,0.5,0.54
163560,동일고무벨트,4,True,True,2.8,2.25,True,35.36,40.19,True,13900.0,13900.0,False,2.85,3.83,False,0.95,0.96
166090,하나머티리얼즈,4,True,True,5.64,5.54,True,34.58,38.35,False,19778.0,19753.0,False,16.3,17.25,True,0.45,0.44
348350,위드텍,4,True,True,5.08,4.63,True,14.09,15.36,True,10184.0,10184.0,False,2.29,4.84,False,0.31,0.36
122870,와이지엔터테인먼트,4,True,True,9.46,2.72,False,21.3,17.85,False,18691.0,18687.0,True,13.71,-5.1,True,0.7,0.5
107640,한중엔시에스,4,True,False,4.68,9.23,True,45.35,51.8,False,9049.0,7118.0,True,5.79,5.41,True,1.09,1.06
187790,나노,4,True,False,3.1,25.61,True,62.61,64.43,True,30841.0,30841.0,True,2.11,1.92,False,1.0,1.03
105840,우진,4,True,True,6.08,5.78,True,15.99,17.89,True,20324.0,20324.0,False,11.44,11.93,False,0.51,0.54
323280,태성,4,True,True,7.54,-2.46,False,48.49,45.79,False,27788.0,27087.0,True,10.14,-2.1,True,0.74,0.58
458870,씨어스테크놀로지,4,True,True,23.0,-31.67,False,25.18,23.84,False,12552.0,10955.0,True,20.3,-107.41,True,1.12,0.29
214370,케어젠,4,True,False,13.42,16.13,True,7.35,8.09,True,53715.0,53715.0,False,41.53,51.01,True,0.34,0.32
220260,켐트로스,4,True,True,4.06,2.86,False,46.94,37.01,True,26558.0,26558.0,True,7.55,7.16,False,0.4,0.49
376300,디어유,4,True,False,8.85,11.08,False,11.66,11.03,True,23738.0,23738.0,True,40.44,33.91,True,0.36,0.34
389650,넥스트바이오메디컬,4,True,True,4.93,-25.34,True,23.3,119.93,False,8087.0,6348.0,True,-37.89,-106.12,False,0.16,0.17
475580,에이럭스,4,True,True,8.28,7.55,True,9.39,22.64,False,13514.0,11655.0,True,9.29,5.45,False,1.11,1.48
372800,아이티아이즈,4,True,True,2.02,-14.73,False,69.36,64.11,True,6027.0,6027.0,True,0.25,-8.54,False,1.34,1.55
100250,진양홀딩스,4,True,False,3.13,5.94,False,33.87,33.63,True,55895.0,55895.0,True,1.71,1.29,True,0.43,0.42
115310,인포바인,4,True,True,7.26,6.27,False,8.39,7.4,True,3193.0,3193.0,False,31.35,34.21,True,0.2,0.2
298000,효성화학,4,False,True,-9.95,-11.13,False,102.08,98.01,True,3792.0,3792.0,True,-6.01,-8.15,True,0.87,0.84
